loss,seed,noise_level,q,alpha,beta,val_accuracy,val_macro_f1
gce,42,0.2,0.3,,,0.852,0.8522345233927684
gce,42,0.2,0.5,,,0.868,0.8680839008941383
gce,42,0.2,0.7,,,0.8866666666666667,0.8867512130409018
gce,42,0.2,0.9,,,0.8653333333333333,0.8657158295974448
sce,42,0.2,,0.01,0.1,0.8933333333333333,0.8933671192707336
sce,42,0.2,,0.01,1.0,0.8626666666666667,0.8631231362940085
sce,42,0.2,,0.1,0.1,0.8906666666666667,0.8910368454778538
sce,42,0.2,,0.1,1.0,0.8813333333333333,0.8812967029059053
sce,42,0.2,,0.5,0.1,0.8573333333333333,0.8576138675499697
sce,42,0.2,,0.5,1.0,0.8786666666666667,0.8786654584812101
sce,42,0.2,,1.0,0.1,0.8453333333333334,0.8454615410223121
sce,42,0.2,,1.0,1.0,0.888,0.8882488500466534
gce,123,0.2,0.3,,,0.8226666666666667,0.821914403990538
gce,123,0.2,0.5,,,0.8586666666666667,0.8582174623828113
gce,123,0.2,0.7,,,0.8746666666666667,0.8742967312569965
gce,123,0.2,0.9,,,0.872,0.8715011209536309
sce,123,0.2,,0.01,0.1,0.8666666666666667,0.8663370054596017
sce,123,0.2,,0.01,1.0,0.8653333333333333,0.8649086378737542
sce,123,0.2,,0.1,0.1,0.868,0.8678096504051029
sce,123,0.2,,0.1,1.0,0.8586666666666667,0.8582279545522882
sce,123,0.2,,0.5,0.1,0.8333333333333334,0.8331406084106541
sce,123,0.2,,0.5,1.0,0.8653333333333333,0.8649763599012424
sce,123,0.2,,1.0,0.1,0.8253333333333334,0.8242873802925189
sce,123,0.2,,1.0,1.0,0.8626666666666667,0.8623174152584024
gce,2026,0.2,0.3,,,0.8746666666666667,0.8743449305386237
gce,2026,0.2,0.5,,,0.888,0.8881343394234801
gce,2026,0.2,0.7,,,0.9146666666666666,0.9146382120172842
gce,2026,0.2,0.9,,,0.9106666666666666,0.9107155309871889
sce,2026,0.2,,0.01,0.1,0.9186666666666666,0.9186730760831562
sce,2026,0.2,,0.01,1.0,0.8986666666666666,0.8985592636695849
sce,2026,0.2,,0.1,0.1,0.8893333333333333,0.8888409685021362
sce,2026,0.2,,0.1,1.0,0.9133333333333333,0.9133344201903798
sce,2026,0.2,,0.5,0.1,0.8506666666666667,0.8503735227789594
sce,2026,0.2,,0.5,1.0,0.908,0.9078593281371696
sce,2026,0.2,,1.0,0.1,0.848,0.847755881904065
sce,2026,0.2,,1.0,1.0,0.8986666666666666,0.8984633163485022
