run_id,task,seed,noise_level,actual_noise_ratio,loss,val_accuracy,val_macro_f1
classification_seed42_noise00_ce,classification,42,0.0,0.0,ce,0.9133333333333333,0.9135087287302811
classification_seed42_noise00_gce,classification,42,0.0,0.0,gce,0.912,0.9119535756955112
classification_seed42_noise00_sce,classification,42,0.0,0.0,sce,0.9106666666666666,0.9106601326799346
classification_seed123_noise00_ce,classification,123,0.0,0.0,ce,0.9373333333333334,0.9372873521210591
classification_seed123_noise00_gce,classification,123,0.0,0.0,gce,0.9146666666666666,0.9145400358295402
classification_seed123_noise00_sce,classification,123,0.0,0.0,sce,0.9186666666666666,0.9186893168929098
classification_seed2026_noise00_ce,classification,2026,0.0,0.0,ce,0.952,0.9520090998660667
classification_seed2026_noise00_gce,classification,2026,0.0,0.0,gce,0.9413333333333334,0.9413456135284349
classification_seed2026_noise00_sce,classification,2026,0.0,0.0,sce,0.9413333333333334,0.9413665305361678
