run_id,task,seed,noise_level,actual_noise_ratio,loss,val_accuracy,val_macro_f1,best_epoch,stopped_epoch,epochs_trained,test_accuracy,test_macro_f1
classification_seed42_noise00_ce,classification,42,0.0,0.0,ce,0.924,0.9241337405047508,18,38,38,0.936,0.9358177958397672
classification_seed42_noise00_gce,classification,42,0.0,0.0,gce,0.9213333333333333,0.9213570019440995,22,42,42,0.944,0.9439586049387966
classification_seed42_noise00_sce,classification,42,0.0,0.0,sce,0.9293333333333333,0.9293788795626479,45,65,65,0.9493333333333334,0.9493687800371591
classification_seed42_noise20_ce,classification,42,0.2,0.2,ce,0.9106666666666666,0.9109099639855942,23,43,43,0.9026666666666666,0.9030811932260471
classification_seed42_noise20_gce,classification,42,0.2,0.2,gce,0.9106666666666666,0.9108959195172378,22,42,42,0.8986666666666666,0.8987781934421407
classification_seed42_noise20_sce,classification,42,0.2,0.2,sce,0.9146666666666666,0.9148633506003052,25,45,45,0.9186666666666666,0.9190634857168244
classification_seed42_noise40_ce,classification,42,0.4,0.4,ce,0.844,0.8438516284925276,13,33,33,0.8386666666666667,0.8387128667295102
classification_seed42_noise40_gce,classification,42,0.4,0.4,gce,0.8533333333333334,0.8533888888888889,13,33,33,0.848,0.848009129329351
classification_seed42_noise40_sce,classification,42,0.4,0.4,sce,0.864,0.864034662967843,22,42,42,0.8613333333333333,0.8612519609274671
classification_seed123_noise00_ce,classification,123,0.0,0.0,ce,0.9466666666666667,0.9466043228547664,72,92,92,0.944,0.9440290967872297
classification_seed123_noise00_gce,classification,123,0.0,0.0,gce,0.9266666666666666,0.9265597855863988,32,52,52,0.92,0.9197623755972907
classification_seed123_noise00_sce,classification,123,0.0,0.0,sce,0.928,0.927826261352562,32,52,52,0.924,0.9237992427054005
classification_seed123_noise20_ce,classification,123,0.2,0.2,ce,0.8786666666666667,0.8782108104472531,24,44,44,0.852,0.8518564277920216
classification_seed123_noise20_gce,classification,123,0.2,0.2,gce,0.8853333333333333,0.8850673361743328,22,42,42,0.8653333333333333,0.865284615778128
classification_seed123_noise20_sce,classification,123,0.2,0.2,sce,0.8946666666666667,0.8945818086060772,23,43,43,0.8666666666666667,0.8667128760704726
classification_seed123_noise40_ce,classification,123,0.4,0.4,ce,0.8453333333333334,0.8450347621328033,13,33,33,0.8026666666666666,0.8021064600896127
classification_seed123_noise40_gce,classification,123,0.4,0.4,gce,0.8506666666666667,0.8506556212891518,16,36,36,0.8066666666666666,0.8060116584056845
classification_seed123_noise40_sce,classification,123,0.4,0.4,sce,0.8586666666666667,0.8580967972302115,21,41,41,0.8173333333333334,0.8159859532717489
classification_seed2026_noise00_ce,classification,2026,0.0,0.0,ce,0.9533333333333334,0.9533889597591007,32,52,52,0.9493333333333334,0.9493165316531652
classification_seed2026_noise00_gce,classification,2026,0.0,0.0,gce,0.9466666666666667,0.9466851768689996,34,54,54,0.944,0.9439541102121402
classification_seed2026_noise00_sce,classification,2026,0.0,0.0,sce,0.952,0.9520516278875778,48,68,68,0.9453333333333334,0.9453650567396904
classification_seed2026_noise20_ce,classification,2026,0.2,0.2,ce,0.916,0.9160206718346253,25,45,45,0.8853333333333333,0.8855114390802927
classification_seed2026_noise20_gce,classification,2026,0.2,0.2,gce,0.924,0.9239259302962943,27,47,47,0.9053333333333333,0.905253212889832
classification_seed2026_noise20_sce,classification,2026,0.2,0.2,sce,0.9266666666666666,0.9266191320165419,36,56,56,0.9146666666666666,0.9146904113993198
classification_seed2026_noise40_ce,classification,2026,0.4,0.4,ce,0.8373333333333334,0.8371785406669128,13,33,33,0.8266666666666667,0.82671288734635
classification_seed2026_noise40_gce,classification,2026,0.4,0.4,gce,0.84,0.8399010533112912,15,35,35,0.8453333333333334,0.845389300067643
classification_seed2026_noise40_sce,classification,2026,0.4,0.4,sce,0.8573333333333333,0.8570947381654156,26,46,46,0.8413333333333334,0.8409762777576278
