run_id,task,seed,noise_level,actual_noise_ratio,loss,val_accuracy,val_macro_f1,best_epoch,stopped_epoch,epochs_trained
classification_seed42_noise00_ce,classification,42,0.0,0.0,ce,0.924,0.9241337405047508,18,38,38
classification_seed42_noise00_gce,classification,42,0.0,0.0,gce,0.9213333333333333,0.9213570019440995,22,42,42
classification_seed42_noise00_sce,classification,42,0.0,0.0,sce,0.9293333333333333,0.9293788795626479,45,65,65
classification_seed123_noise00_ce,classification,123,0.0,0.0,ce,0.9466666666666667,0.9466043228547664,72,92,92
classification_seed123_noise00_gce,classification,123,0.0,0.0,gce,0.9266666666666666,0.9265597855863988,32,52,52
classification_seed123_noise00_sce,classification,123,0.0,0.0,sce,0.928,0.927826261352562,32,52,52
classification_seed2026_noise00_ce,classification,2026,0.0,0.0,ce,0.9533333333333334,0.9533889597591007,32,52,52
classification_seed2026_noise00_gce,classification,2026,0.0,0.0,gce,0.9466666666666667,0.9466851768689996,34,54,54
classification_seed2026_noise00_sce,classification,2026,0.0,0.0,sce,0.952,0.9520516278875778,48,68,68
