run_id,task,seed,noise_level,actual_noise_ratio,loss,val_mae,val_rmse,best_epoch,stopped_epoch,epochs_trained
regression_seed42_noise00_mse,regression,42,0.0,0.0,mse,0.461710125207901,0.7312527697258034,259,279,279
regression_seed42_noise00_mae,regression,42,0.0,0.0,mae,0.6099275946617126,0.9488442392500316,223,243,243
regression_seed42_noise00_huber,regression,42,0.0,0.0,huber,0.6152332425117493,0.9799103381537607,188,208,208
regression_seed123_noise00_mse,regression,123,0.0,0.0,mse,0.6086515188217163,0.9578722003296991,285,300,300
regression_seed123_noise00_mae,regression,123,0.0,0.0,mae,0.6733376383781433,1.0501929128632561,239,259,259
regression_seed123_noise00_huber,regression,123,0.0,0.0,huber,0.6321485042572021,0.9785239396341636,262,282,282
regression_seed2026_noise00_mse,regression,2026,0.0,0.0,mse,0.37248051166534424,0.5289842026935162,297,300,300
regression_seed2026_noise00_mae,regression,2026,0.0,0.0,mae,0.47423478960990906,0.6904215077046505,223,243,243
regression_seed2026_noise00_huber,regression,2026,0.0,0.0,huber,0.36322280764579773,0.5378756241933298,283,300,300
