run_id,task,seed,noise_level,actual_noise_ratio,loss,val_mae,val_rmse,best_epoch,stopped_epoch,epochs_trained,test_mae,test_rmse
regression_seed42_noise00_mse,regression,42,0.0,0.0,mse,0.461710125207901,0.7312527697258034,259,279,279,0.444096177816391,0.6826215315477276
regression_seed42_noise00_mae,regression,42,0.0,0.0,mae,0.6099275946617126,0.9488442392500316,223,243,243,0.6026577353477478,0.9529025959621253
regression_seed42_noise00_huber,regression,42,0.0,0.0,huber,0.6152332425117493,0.9799103381537607,188,208,208,0.5957333445549011,0.9165069628803252
regression_seed42_noise10_mse,regression,42,0.1,0.1,mse,10.119522094726562,12.936731582894172,37,57,57,9.888518333435059,12.696085313016395
regression_seed42_noise10_mae,regression,42,0.1,0.1,mae,1.064292550086975,1.5988190017615116,181,201,201,1.0137689113616943,1.5167674841576493
regression_seed42_noise10_huber,regression,42,0.1,0.1,huber,3.0969808101654053,4.20129082235146,37,57,57,2.9500110149383545,3.8507804773089607
regression_seed42_noise20_mse,regression,42,0.2,0.2,mse,12.342708587646484,16.118257280904704,33,53,53,12.580145835876465,16.810674745541615
regression_seed42_noise20_mae,regression,42,0.2,0.2,mae,1.5522974729537964,2.2377837528619144,118,138,138,1.6174445152282715,2.315908137217562
regression_seed42_noise20_huber,regression,42,0.2,0.2,huber,3.5485098361968994,4.634333703338741,39,59,59,3.580518960952759,4.605924290977735
regression_seed123_noise00_mse,regression,123,0.0,0.0,mse,0.6086515188217163,0.9578722003296991,285,300,300,0.6314679980278015,1.054929691340264
regression_seed123_noise00_mae,regression,123,0.0,0.0,mae,0.6733376383781433,1.0501929128632561,239,259,259,0.780194103717804,1.2205495997207234
regression_seed123_noise00_huber,regression,123,0.0,0.0,huber,0.6321485042572021,0.9785239396341636,262,282,282,0.6474642157554626,0.9958641834880626
regression_seed123_noise10_mse,regression,123,0.1,0.1,mse,11.921687126159668,15.259573511085897,49,69,69,12.230361938476562,15.887641259022391
regression_seed123_noise10_mae,regression,123,0.1,0.1,mae,1.2160371541976929,1.8759775156776275,194,214,214,1.2832101583480835,1.872711819941038
regression_seed123_noise10_huber,regression,123,0.1,0.1,huber,3.303234338760376,4.384339744768714,62,82,82,3.6011972427368164,4.735125290241244
regression_seed123_noise20_mse,regression,123,0.2,0.2,mse,15.697318077087402,19.70835483971915,72,92,92,15.81821346282959,19.71327832414376
regression_seed123_noise20_mae,regression,123,0.2,0.2,mae,1.8247325420379639,2.6162863930888034,112,132,132,1.9382457733154297,2.7090589187146037
regression_seed123_noise20_huber,regression,123,0.2,0.2,huber,4.2141642570495605,5.497413894235737,42,62,62,4.344651699066162,5.603531452846677
regression_seed2026_noise00_mse,regression,2026,0.0,0.0,mse,0.37248051166534424,0.5289842026935162,297,300,300,0.3742782473564148,0.5416704477276026
regression_seed2026_noise00_mae,regression,2026,0.0,0.0,mae,0.47423478960990906,0.6904215077046505,223,243,243,0.5112995505332947,0.7243842420408073
regression_seed2026_noise00_huber,regression,2026,0.0,0.0,huber,0.36322280764579773,0.5378756241933298,283,300,300,0.3439808487892151,0.4822252312939649
regression_seed2026_noise10_mse,regression,2026,0.1,0.1,mse,9.193225860595703,11.533814845388116,35,55,55,9.078871726989746,11.54379689816881
regression_seed2026_noise10_mae,regression,2026,0.1,0.1,mae,0.8839274048805237,1.245899914819727,262,282,282,0.9250620007514954,1.2918161285229834
regression_seed2026_noise10_huber,regression,2026,0.1,0.1,huber,3.0494253635406494,3.9047726698581933,44,64,64,2.9973721504211426,3.7797689768922065
regression_seed2026_noise20_mse,regression,2026,0.2,0.2,mse,10.71914005279541,13.615488074355971,25,45,45,10.765581130981445,13.649867331729936
regression_seed2026_noise20_mae,regression,2026,0.2,0.2,mae,1.7570862770080566,2.432036610421885,150,170,170,1.8302443027496338,2.4748850053987375
regression_seed2026_noise20_huber,regression,2026,0.2,0.2,huber,3.8066799640655518,4.890624219997941,40,60,60,3.970773696899414,5.036705329253486
