run_id,task,loss,noise_level,seed,mae,rmse,accuracy,macro_f1,best_epoch,final_train_loss,final_val_loss
classification_seed42_noise00_ce,classification,ce,0.0,42,,,0.936,0.9358177958397672,18,0.04263727908475058,0.21122928488254547
classification_seed123_noise00_ce,classification,ce,0.0,123,,,0.944,0.9440290967872297,72,0.00660475528745779,0.2685160090923309
classification_seed2026_noise00_ce,classification,ce,0.0,2026,,,0.9493333333333334,0.9493165316531652,32,0.020955318502017428,0.15402013044555982
classification_seed42_noise00_gce,classification,gce,0.0,42,,,0.944,0.9439586049387966,22,0.03252499336217131,0.1331912001768748
classification_seed123_noise00_gce,classification,gce,0.0,123,,,0.92,0.9197623755972907,32,0.03680586480242865,0.1271568533976873
classification_seed2026_noise00_gce,classification,gce,0.0,2026,,,0.944,0.9439541102121402,34,0.020326815306075982,0.0928597369392713
classification_seed42_noise00_sce,classification,sce,0.0,42,,,0.9493333333333334,0.9493687800371591,45,0.012916547381452152,0.10946687233448028
classification_seed123_noise00_sce,classification,sce,0.0,123,,,0.924,0.9237992427054005,32,0.0345807683638164,0.11002409313122431
classification_seed2026_noise00_sce,classification,sce,0.0,2026,,,0.9453333333333334,0.9453650567396904,48,0.012747000992298127,0.07234031962354978
classification_seed42_noise20_ce,classification,ce,0.2,42,,,0.9026666666666666,0.9030811932260471,23,0.5876470475196839,0.4050737626552582
classification_seed123_noise20_ce,classification,ce,0.2,123,,,0.852,0.8518564277920216,24,0.5890831526347569,0.4176726371447245
classification_seed2026_noise20_ce,classification,ce,0.2,2026,,,0.8853333333333333,0.8855114390802927,25,0.5874343402045114,0.39894770073890684
classification_seed42_noise20_gce,classification,gce,0.2,42,,,0.8986666666666666,0.8987781934421407,22,0.37973922402518134,0.17892593443393706
classification_seed123_noise20_gce,classification,gce,0.2,123,,,0.8653333333333333,0.865284615778128,22,0.3742588384151459,0.20487431267897288
classification_seed2026_noise20_gce,classification,gce,0.2,2026,,,0.9053333333333333,0.905253212889832,27,0.3650006743499211,0.1575231615304947
classification_seed42_noise20_sce,classification,sce,0.2,42,,,0.9186666666666666,0.9190634857168244,25,0.31366492656299044,0.1584357767899831
classification_seed123_noise20_sce,classification,sce,0.2,123,,,0.8666666666666667,0.8667128760704726,23,0.31329971446309773,0.18542392834027607
classification_seed2026_noise20_sce,classification,sce,0.2,2026,,,0.9146666666666666,0.9146904113993198,36,0.29403144454956054,0.15061565097173055
classification_seed42_noise40_ce,classification,ce,0.4,42,,,0.8386666666666667,0.8387128667295102,13,0.8686121868406024,0.6470592436790467
classification_seed123_noise40_ce,classification,ce,0.4,123,,,0.8026666666666666,0.8021064600896127,13,0.8598105254173278,0.667729160785675
classification_seed2026_noise40_ce,classification,ce,0.4,2026,,,0.8266666666666667,0.82671288734635,13,0.8608229990686689,0.6736883076032003
classification_seed42_noise40_gce,classification,gce,0.4,42,,,0.848,0.848009129329351,13,0.6323338901656015,0.38030711364746095
classification_seed123_noise40_gce,classification,gce,0.4,123,,,0.8066666666666666,0.8060116584056845,16,0.6190089678083147,0.3791157201925914
classification_seed2026_noise40_gce,classification,gce,0.4,2026,,,0.8453333333333334,0.845389300067643,15,0.6235324559211731,0.37331212425231936
classification_seed42_noise40_sce,classification,sce,0.4,42,,,0.8613333333333333,0.8612519609274671,22,0.5056603349276951,0.29254597616195677
classification_seed123_noise40_sce,classification,sce,0.4,123,,,0.8173333333333334,0.8159859532717489,21,0.503907671553748,0.28901303132375084
classification_seed2026_noise40_sce,classification,sce,0.4,2026,,,0.8413333333333334,0.8409762777576278,26,0.49652345384870256,0.3093551794687907
regression_seed42_noise00_huber,regression,huber,0.0,42,0.5957333445549011,0.9165069628803252,,,188,0.096755981360163,0.4263366992076238
regression_seed123_noise00_huber,regression,huber,0.0,123,0.6474642157554626,0.9958641834880626,,,262,0.08923073528494153,0.45853546667099
regression_seed2026_noise00_huber,regression,huber,0.0,2026,0.3439808487892151,0.4822252312939649,,,283,0.045678954316037045,0.16274074228604635
regression_seed42_noise00_mae,regression,mae,0.0,42,0.6026577353477478,0.9529025959621253,,,223,0.4001891280582973,0.6941271996498108
regression_seed123_noise00_mae,regression,mae,0.0,123,0.780194103717804,1.2205495997207234,,,239,0.4231679515838623,0.7405118357340494
regression_seed2026_noise00_mae,regression,mae,0.0,2026,0.5112995505332947,0.7243842420408073,,,223,0.356220198903765,0.4841412580808004
regression_seed42_noise00_mse,regression,mse,0.0,42,0.444096177816391,0.6826215315477276,,,259,0.1425598139337131,0.5091864768664042
regression_seed123_noise00_mse,regression,mse,0.0,123,0.6314679980278015,1.054929691340264,,,285,0.18311077666282655,0.8820605243047078
regression_seed2026_noise00_mse,regression,mse,0.0,2026,0.3742782473564148,0.5416704477276026,,,297,0.09040650340488979,0.29542477464675904
regression_seed42_noise10_huber,regression,huber,0.1,42,2.9500110149383545,3.8507804773089607,,,37,325.64902922712054,8.692931749979655
regression_seed123_noise10_huber,regression,huber,0.1,123,3.6011972427368164,4.735125290241244,,,62,460.87669178989955,10.398245686848957
regression_seed2026_noise10_huber,regression,huber,0.1,2026,2.9973721504211426,3.7797689768922065,,,44,204.91578923688616,8.451614326477051
regression_seed42_noise10_mae,regression,mae,0.1,42,1.0137689113616943,1.5167674841576493,,,181,17.327726791381835,1.151203831354777
regression_seed123_noise10_mae,regression,mae,0.1,123,1.2832101583480835,1.872711819941038,,,194,20.81095390537807,1.2839605951309203
regression_seed2026_noise10_mae,regression,mae,0.1,2026,0.9250620007514954,1.2918161285229834,,,262,13.812318153381348,0.979214034875234
regression_seed42_noise10_mse,regression,mse,0.1,42,9.888518333435059,12.696085313016395,,,37,4145.864070870536,187.0204970703125
regression_seed123_noise10_mse,regression,mse,0.1,123,12.230361938476562,15.887641259022391,,,49,5906.734138950893,260.6753474121094
regression_seed2026_noise10_mse,regression,mse,0.1,2026,9.078871726989746,11.54379689816881,,,35,2597.9264771205358,160.0037978515625
regression_seed42_noise20_huber,regression,huber,0.2,42,3.580518960952759,4.605924290977735,,,39,633.2355885881697,12.041852967580159
regression_seed123_noise20_huber,regression,huber,0.2,123,4.344651699066162,5.603531452846677,,,42,884.0623561662946,16.901974128723143
regression_seed2026_noise20_huber,regression,huber,0.2,2026,3.970773696899414,5.036705329253486,,,40,385.07747258649556,13.88025228881836
regression_seed42_noise20_mae,regression,mae,0.2,42,1.6174445152282715,2.315908137217562,,,118,33.38015372140067,1.5651721935272216
regression_seed123_noise20_mae,regression,mae,0.2,123,1.9382457733154297,2.7090589187146037,,,112,39.652781210763116,1.8644909655253092
regression_seed2026_noise20_mae,regression,mae,0.2,2026,1.8302443027496338,2.4748850053987375,,,150,25.969390353611537,1.7878544448216755
regression_seed42_noise20_mse,regression,mse,0.2,42,12.580145835876465,16.810674745541615,,,33,8251.521797991072,270.42464640299477
regression_seed123_noise20_mse,regression,mse,0.2,123,15.81821346282959,19.71327832414376,,,72,11017.429420758928,459.56708146158854
regression_seed2026_noise20_mse,regression,mse,0.2,2026,10.765581130981445,13.649867331729936,,,25,4789.853658203125,208.25011560058593
