task,loss,noise_level,count,mae_mean,mae_std,rmse_mean,rmse_std,accuracy_mean,accuracy_std,macro_f1_mean,macro_f1_std
classification,ce,0.0,3,,,,,0.9431111111111111,0.0067109639424629,0.943054474760054,0.006801939665409412
classification,gce,0.0,3,,,,,0.9359999999999999,0.013856406460550958,0.9358916969160758,0.01396840218865788
classification,sce,0.0,3,,,,,0.9395555555555556,0.013619158618706289,0.9395110264940834,0.013753274607431268
classification,ce,0.2,3,,,,,0.8799999999999999,0.025750943887770605,0.8801496866994539,0.026029895118647887
classification,gce,0.2,3,,,,,0.8897777777777778,0.02143033502442876,0.8897720073700336,0.0214524061457798
classification,sce,0.2,3,,,,,0.9,0.028936712552280912,0.9001555910622057,0.029044661028497395
classification,ce,0.4,3,,,,,0.8226666666666667,0.018330302779823376,0.8225107380551576,0.018661478927739977
classification,gce,0.4,3,,,,,0.8333333333333334,0.02313246876386331,0.8331366959342262,0.023527465270056672
classification,sce,0.4,3,,,,,0.84,0.022030282189144348,0.8394047306522813,0.02267388767944589
regression,huber,0.0,3,0.5290594696998596,0.16235637559834792,0.7981987925541176,0.2765029126016829,,,,
regression,mae,0.0,3,0.6313837965329488,0.1367295144673825,0.9659454792412188,0.24833969304882336,,,,
regression,mse,0.0,3,0.48328080773353577,0.13299706154238977,0.7597405568718648,0.26517780985344336,,,,
regression,huber,0.1,3,3.1828601360321045,0.36306365891274067,4.121891581480804,0.5322615376559939,,,,
regression,mae,0.1,3,1.0740136901537578,0.18651970599975792,1.5604318108738902,0.292899097212166,,,,
regression,mse,0.1,3,10.399250666300455,1.636645433546894,13.375841156735866,2.2502881955725003,,,,
regression,huber,0.2,3,3.965314785639445,0.3820956164996923,5.082053691025966,0.5003472472090128,,,,
regression,mae,0.2,3,1.7953115304311116,0.16322863025207657,2.499950687110301,0.197770322717244,,,,
regression,mse,0.2,3,13.054646809895834,2.559518851457888,16.724606800471772,3.0326216355008113,,,,
