loss,seed,noise_level,q,alpha,beta,val_accuracy,val_macro_f1,best_epoch,stopped_epoch,epochs_trained
gce,42,0.2,0.3,,,0.9133333333333333,0.9136524884722,21,41,41
gce,42,0.2,0.5,,,0.9106666666666666,0.9108959195172378,22,42,42
gce,42,0.2,0.7,,,0.9013333333333333,0.9014447075725186,23,43,43
gce,42,0.2,0.9,,,0.8906666666666667,0.89081767692903,28,48,48
sce,42,0.2,,0.01,0.1,0.8946666666666667,0.8948477693865206,22,42,42
sce,42,0.2,,0.01,1.0,0.8786666666666667,0.8787891675330579,24,44,44
sce,42,0.2,,0.1,0.1,0.9146666666666666,0.9148633506003052,25,45,45
sce,42,0.2,,0.1,1.0,0.8973333333333333,0.8974502265348177,22,42,42
sce,42,0.2,,0.5,0.1,0.916,0.9161987844061477,30,50,50
sce,42,0.2,,0.5,1.0,0.9106666666666666,0.9109031938911821,25,45,45
sce,42,0.2,,1.0,0.1,0.9186666666666666,0.9188483387425302,30,50,50
sce,42,0.2,,1.0,1.0,0.9133333333333333,0.9135319362126255,25,45,45
gce,123,0.2,0.3,,,0.8866666666666667,0.8866843016356797,43,63,63
gce,123,0.2,0.5,,,0.8853333333333333,0.8850673361743328,22,42,42
gce,123,0.2,0.7,,,0.888,0.8875875277548918,22,42,42
gce,123,0.2,0.9,,,0.884,0.8836155859343444,32,52,52
sce,123,0.2,,0.01,0.1,0.8893333333333333,0.8890392761757872,29,49,49
sce,123,0.2,,0.01,1.0,0.88,0.8795242883478177,26,46,46
sce,123,0.2,,0.1,0.1,0.8946666666666667,0.8945818086060772,23,43,43
sce,123,0.2,,0.1,1.0,0.892,0.8917420676911578,29,49,49
sce,123,0.2,,0.5,0.1,0.8853333333333333,0.885323993838783,15,35,35
sce,123,0.2,,0.5,1.0,0.8933333333333333,0.8929220677113244,24,44,44
sce,123,0.2,,1.0,0.1,0.884,0.8835892496289864,25,45,45
sce,123,0.2,,1.0,1.0,0.8933333333333333,0.8930451750375106,22,42,42
gce,2026,0.2,0.3,,,0.9146666666666666,0.9146935747206508,29,49,49
gce,2026,0.2,0.5,,,0.924,0.9239259302962943,27,47,47
gce,2026,0.2,0.7,,,0.9266666666666666,0.9265721253208499,30,50,50
gce,2026,0.2,0.9,,,0.9186666666666666,0.9186304096995044,31,51,51
sce,2026,0.2,,0.01,0.1,0.9253333333333333,0.9253380788623556,27,47,47
sce,2026,0.2,,0.01,1.0,0.9173333333333333,0.9170208195505921,28,48,48
sce,2026,0.2,,0.1,0.1,0.9266666666666666,0.9266191320165419,36,56,56
sce,2026,0.2,,0.1,1.0,0.9293333333333333,0.9293333333333335,27,47,47
sce,2026,0.2,,0.5,0.1,0.92,0.9200198687172777,47,67,67
sce,2026,0.2,,0.5,1.0,0.9293333333333333,0.929283651544789,27,47,47
sce,2026,0.2,,1.0,0.1,0.9146666666666666,0.9146633239919414,26,46,46
sce,2026,0.2,,1.0,1.0,0.9293333333333333,0.9293083651364246,28,48,48
