seed,noise_level,delta_factor,delta,val_mae,val_rmse,best_epoch,stopped_epoch,epochs_trained
42,0.1,0.1,20.775738525390626,3.0969808101654053,4.20129082235146,37,57,57
42,0.1,0.5,103.87869262695312,6.432050704956055,8.436290512993782,43,63,63
42,0.1,1.0,207.75738525390625,8.675607681274414,11.035836538765494,43,63,63
42,0.1,2.0,415.5147705078125,9.86606216430664,12.532340366177058,43,63,63
123,0.1,0.1,24.39157409667969,3.303234338760376,4.384339744768714,62,82,82
123,0.1,0.5,121.95787048339844,7.423430919647217,9.528361098434923,51,71,71
123,0.1,1.0,243.91574096679688,10.052546501159668,12.86997695268703,52,72,72
123,0.1,2.0,487.83148193359375,11.733932495117188,15.02913887282931,49,69,69
2026,0.1,0.1,16.465858459472656,3.0494253635406494,3.9047726698581933,44,64,64
2026,0.1,0.5,82.32929229736328,6.0688018798828125,7.681888175756285,47,67,67
2026,0.1,1.0,164.65858459472656,7.995206832885742,9.972843298407422,35,55,55
2026,0.1,2.0,329.3171691894531,9.035406112670898,11.32730196363594,35,55,55
