seed,noise_level,delta_factor,delta,val_mae,val_rmse
42,0.1,0.1,20.775738525390626,3.3914592266082764,4.495514647626174
42,0.1,0.5,103.87869262695312,7.773227691650391,10.298677185445689
42,0.1,1.0,207.75738525390625,10.338390350341797,13.405357064340395
42,0.1,2.0,415.5147705078125,11.986681938171387,15.52509270239533
123,0.1,0.1,24.39157409667969,3.7757632732391357,4.849947993992677
123,0.1,0.5,121.95787048339844,8.912564277648926,11.31387236474507
123,0.1,1.0,243.91574096679688,12.21540355682373,15.249137979126733
123,0.1,2.0,487.83148193359375,14.988239288330078,18.549037791177085
2026,0.1,0.1,16.465858459472656,3.2938170433044434,4.222404648927801
2026,0.1,0.5,82.32929229736328,7.247845649719238,9.128807214241363
2026,0.1,1.0,164.65858459472656,10.313708305358887,12.906437981000872
2026,0.1,2.0,329.3171691894531,12.18155574798584,15.228637240801097
